id,user,date,timestamp,commentText,likes
z133hrczptevsvxxm04cexlqvyaqwdqxmdk,BladeWinters,21 seconds ago,1488466040976,Can 'The Voice' sue for being linked to a government agency with such bad publicity?,0
z125ulzzyofiztan2234jr3bhlichz3sp,Vasectomy Fail,29 seconds ago,1488466040978,it's like going to a really crappy movie and the baby sitting next to you for once DOESN'T shit his pants and cry the whole time. it doesn't actually make the movie better.,0
z13bvnej3lnlf3axw04cibcrkmrqwvtz5yg0k,Alexia Tr,2 minutes ago,1488465920978,"VOICE? I think we already have institutions against crimes, let's call them, FBI, the Police department, the sheriff department, US Marshals, border patrol, ICE, state police, etc.",0
z13iez250nvjf11qw04cilkr0v33c13yxxc0k,Colin Silver,2 minutes ago,1488465920979,That Hannibal bit was the funniest most disturbing thing I've seen in a long time. lol.,0
z13iuxpanw2niwoskwj1jvzy2vnrcid0,Jace Purdy,2 minutes ago,1488465920980,Better tone but still awful content in the speech,0
z13yczkpolbfslfxn04cdho4ztbwj13odzo0k,The Best Gun Ever Necrochasm,3 minutes ago,1488465860981,"Got to admit one thing. As i get older time seems to go by faster, but with this jack fuck as president time seems to be going slower than it was before. Work days feel longer now which suck. Good times feel shorter and so does sex. Maybe that second one is my fault.",0
z12sgdmjutfbwles223ji5u5iliww5tet,alan rasmussen,3 minutes ago,1488465860982,"They put a bow on the POS, now we have a pretty POS. Yeah!",0
z13tup4b0wqefhamz22ai3t5usjfj11r404,four cats,4 minutes ago,1488465800982,"Trump's speech sucked so bad that I can't even laugh at Colbert. It's terrible that people's expectations were so low that this POS excuse for a president is admired for such a nationalistic low-key rant. And putting the widow on display for political gain was so cheesy, especially when he spent all week blaming the generals for his death.",0
z12osp3byk2qcjga404cijnjjybcejqhhwo0k,Ed Bain,7 minutes ago,1488465620983,One speech does not cancel out the reality of all of this....,0
z122g1zg0xrpf5tiv04cetpagmmkjbhac44,pop5678eye,7 minutes ago,1488465620984,"Trump has lowered the bar on what's considered 'presidential' so much that a banal speech, with only implied hatred is now considered 'presidential' just because it doesn't include a string of profanities. Sounding like a decent human being for the first time in months does not elevate one to the level of what's supposed to be the leader of the most powerful country in the world...",0
z13silwxnrjlv12d2230vtgyiofyutpla,Nurto Mohamed,9 minutes ago,1488465500984,"trump didn't shit his pants and rant and rave, but still saying the same bullshit, however, his tone changed and it's presidential and that's okay he gets an A+ speech.",0
z12fh3tgcxi3xv4bx04ceh2jvynpsrijdy40k,Yoru,10 minutes ago,1488465440985,At least if Lecter were our President we'd start teaching Home Ec again and my friends might know how to cook.,0
z12uxvh4vsyhip1ll22ueptjdremgnsr104,Nihilist Consciousness,11 minutes ago,1488465380986,USA is full with KKK slave owners hypocritical Christians.,0
z13gxryqvnefsrtut22cd1v53lzls1twf04,Greg K,11 minutes ago,1488465380986,"Trump put on his big boy pants and was able to string a couple of almost coherent sentences together. And he used lots of terrific and fantastic words too. The message was evil and ego ridden, but it sounded presidential. I'm so proud of him. Too bad his policies suck, but no one's perfect.",0
z13tsnczsmfoc1yoj04cinmh4wzmg3uxkwo0k,Murpaderp,18 minutes ago,1488464960987,All the shit he said during that speech and this is the highlight? This downplaying shit is why we're in this mess to begin with.,1
z13esb3ijvysybjzc04ci1qhlyfngfcrx3s,neo somaliana,19 minutes ago,1488464900988,omg that Hannibal was convincing.,0
z133jlaxcpyoyxxvw23tddvqesvgve40,TaYLoR GaNg OrDiE,19 minutes ago,1488464900989,Americans are so easily fooled it's laughable.,0
z12bhh1xrp3xgveju04cfbpjcxn3sxwh4lc0k,Help me,20 minutes ago,1488464840989,He is so salty,1
z135jnwg1kvyxztwd04cd5tagqvoxlxa2po0k,The Entrepreneur,21 minutes ago,1488464780990,"Guys , please do subscribe, i will subscribe you back.",1
z13xdfjaytezsd3wz04ci53gdw3lv15rxzk0k,James Burgess,22 minutes ago,1488464720991,"If he cares so much about crime and the death rate, how about limiting the ways criminals can get guns. He acts like immigrants are only strangling people.",0
z13mwhijutjatvwa004cjhpijn2qurybbns0k,St.godless,22 minutes ago,1488464720992,"If donald dick says hi to the Australian PM in a nice way, they gonna award the douche-in-chief with a Nobel Prize now",0
z13wwl0j0nerit2a004cfpvoduegencobrg0k,Dancoo,22 minutes ago,1488464720993,"This guy should rename his show the ""EveryThing Trump Says and Does I Will Critizise Show""",0
z13cjvuptujmvb1yd04cglsi5oqcindrirc0k,KalahariKAri,22 minutes ago,1488464720993,"Trump was acting like he was being fed his lines via earbud, but yes: 'nationalism with an indoor voice'. What a great line that was! :-)",0
z12syfcgbxymsl2ah04chvnz4kbiy5ty1ls0k,LuffiAce,22 minutes ago,1488464720994,"what about the crimes committed against immigrants, all racism and hate crimes, recently a man was killed in hate crime in Kansas",0
z13jhfuxdku1gp5s222eun1osozkehkfu,BizWiz,23 minutes ago,1488464660994,"Dear Trumpaloompas, in case you didn't get the memo: HILLARY CLINTON IS NOT THE PRESIDENT Every time Trumpty Dumpty fucks up now, HE is responsible. Your blame Hillary card has officially expired.",0
z12luvzbkwusfdiib04cejer1kezyjywchw,Mali Super,25 minutes ago,1488464540995,Praising Colbert for spreading hate and a lack of confidence in our government? Trump is working his butt off to make your life better!,0
z134tbu5lqmtw5cfa22cgx5astr0upfjt04,FutioN1,25 minutes ago,1488464540996,"One speech that ""sounds presidential"" and the mainstream media is just about ready to lick the guys balls?",1
z131j5zirwaix1qf122igl45xpyvzpjam04,orangewedges,27 minutes ago,1488464420996,"Plenty of news outlets made the same remarks about a shift in tone last year during one of his campaign speeches, if I'm remembering correctly. They made a big deal of it back then as they are now, as if somehow a shift in tone means a concomitant shift in mindset, beliefs and maturity. Obviously this is completely untrue in Trump's case. He is still an alternative president no matter what tone he speaks in.",0
z13gili4nr3ts11cm233ydujxxqhylkjz04,Michael Parker,27 minutes ago,1488464420997,These comments are pretty funny. Plenty of smart individuals around.,0
z12vzjmhmurwftl1v23mzhx5lru2xfonk,Srithor,29 minutes ago,1488464300997,Acting presidential would make him presidential. The problem is: He just talked in a presidential manner for a change.,0
z12dt1a42yqhg3wxe04ced540re4shlgdz00k,Carro Hart,34 minutes ago,1488464000998,Can native americans apply for VOICE? #trumpisanimmigrant,0
z12qfhhankyedzahm04cgdmbtxndsruylzc0k,Angie Crespin,39 minutes ago,1488463700998,"what a pathetic show, we get it your anti trump. no wonder your ratings suck",0
z13vffrjaxmytbi1k23rdxmyfw3xzxqr204,The Meme Man,39 minutes ago,1488463700999,this channel Is 4 libtards,0
z12msde4zkauhvr2y22fudbilmikcd2l3,G Gigi,39 minutes ago,1488463700999,"Never trust a narcissist, hinged or unhinged. He's making a mockery of the US.",1
z12ejfqannrjshbnw23fx1gprkntynlx004,jalal is changing,39 minutes ago,1488463701003,"In the words of Chris Rock "" you want credit for shit you're suppose to do""",1
z13tytepsmarer00522cuvmzmrzfw3bwm04,Sweet Heart,40 minutes ago,1488463641004,666th comment Illuminati confirmed,0
z12kytvisprytf2ln23vgbt54pyjcjmkm,jacob Borchert,40 minutes ago,1488463641005,Just because u have a night show.... doesn't mean people watch it MAKEAMERICAGREATAGAIN,0
z130crcgmsn5yz5ey23di3pbjnitsb3bk04,violet rocket,41 minutes ago,1488463581006,"Make America great again, Clariese! üòÇ",0
z12oujj5hvmfjhdam04cd52r1qazhfbxkak,FLYING DREAM PRODUCTIONS,42 minutes ago,1488463521006,"Okay, Colbert. You're a dick.",0
z12buj1ijxfadv12f23ogtnicu3yihomv,borot man,43 minutes ago,1488463461007,"Yeah, that's what America needs. A 2nd police and TSA.",0
z12rs5ty2tf3tvtkx230urrbcsfht1nsz,Powda Toast Mane,44 minutes ago,1488463401007,Trump will die in prison,0
z12pzp1g0yrfgdcvv22gvzrxfobyyvh1s,Edward Funn,47 minutes ago,1488463221008,Every Native American Tribe should file a report with VOICE.,0
z12rjlhhiliscvkna23vubtapzrjsvaz504,Matthew Huff,48 minutes ago,1488463161008,You were collaborating with the Clinton campaign no one gives a shit anymore,1
z13aztt5bomqwxf5i04cdh4jbom1tztzalc0k,Amitha Alex,48 minutes ago,1488463161009,What about all the legal immigrants that were killed by Americans? You know the Indian engineer who was shot dead in Kansas?,0
z133s31g0ojvgtaj104cd1yamni2zrwbcco,LUCUS VAZQUEZ,50 minutes ago (edited),1488463041009,"""What presidential language. I'm starting to forget that half the planet including some of our allies are pointing their nukes at us, people are still dying without alternative healthcare, and Antarctica is shriveling into an ice cube all as we speak.""",0
z12vhbszazmttt5wc04ci1hx3xnjin5azuo0k,Weedle Guy,51 minutes ago,1488462981010,"""Americans didn't pick their own fruits"" Well ain't the truth fancy. Most Americans also didn't do sewer Jobs. These are the kind of jobs only immigrants will do. The dirty jobs.",0
z125ytarmsrgenxwm04cd1ho0tyeehbahjc,Jolly Murder,52 minutes ago,1488462921010,Can't believe i used to listen to this French Pig.,1
z12kjj2ojvfwhrezn04cg52ilxvtxtebst40k,Barett Brandt,52 minutes ago,1488462929481,Sounding presidential doesn't make you president. That's right Stephen. Winning the election does.,1
z12ssbsx3qreybbvv22gh35gzofrs1wbg04,MisterWite1,53 minutes ago,1488462869482,"I'm just curious, what do you idiots (Stephen Colbert included) think Hillary Clinton would have been doing to America at this point had she won the presidency? You fucking morons. What does it take to open your eyes? What is it that Donald Trump has done to create this hysteria in all you snowflakes? Name one policy that is hurting you, please. Otherwise, shut the fuck up. You sound like retarded children.",0
z12lyn5zewzjy1uiu04cjvwh4prverjyppc0k,Yellowisk Sheppard,53 minutes ago,1488462869483,Voice sounds like the Gestapo,0
z12ay30z5yi4db23523swbdopkidzlx0e,Jessie Z,54 minutes ago,1488462809483,"I cannot believe we are at this point where seeing trump be ""presidential"" for 1 hour is considered a positive event....",1
z133etxgkmaydbcsv22tejwi4oryub44404,Rayswag Broadax,54 minutes ago,1488462809484,Lefists are officially in full damage control mode LOLOLOLOLOL YALL ARE SCREWED FOR THE NEXT 8 YEARS,1
z13xw55ogtmkuz2qo04cexdreqvaezowif4,Abhijeet P,55 minutes ago,1488462749485,He is a classy Man.,0
z12qwbzbbrzvs5o4i04cg5xygsjxh5ewa4g,six of one,56 minutes ago,1488462689485,"A speech is...well...a speech. Even Hitler gave them. You can say anything. They're words, not actions. And we all know Trump is a salesman, con artist, and manipulator above all else.",1
z13lhriipt2yijzjo04ch54arnaojf24bxo0k,philj212,56 minutes ago,1488462689486,the left has become a joke... lol,0
z13ivdiqjlm2ufaws04cd15p5or2wxtynqo0k,A Pug,56 minutes ago,1488462689486,Your triggered aren't you stephen,0
z135xdugzmzpvlaxe04chf5jov30h5pwnts0k,musicgenerator,57 minutes ago,1488462629487,"I seriously thought that after trump became president people would quieten down, but it's been over a month and they're STILL going on about him every singe day drilling him about every single thing he does, is Steven Colbert gonna still be talking about trump 6 months from now? What about a year from now? He doesn't just hate trump, but he loves to hate trump, he knows it's giving him material and money, that's all his show ever is now",0
z13zfha4qxz4vpedt23dd1pwtp3usl1zh04,philj212,57 minutes ago,1488462629487,trump is the president you need but not the one you deserve. idiots,0
z12dcp0yhsuotzbju04ccb5ialzst1diils0k,Josh Knippa,57 minutes ago,1488462629488,Aww! Baby Colbert. What a little pussy. Owned by the Clinton's.,0
z132xzsi2ke5vp0vd22xe5e4ikfkw5pqa04,Joshua Lewis,58 minutes ago,1488462569489,oh my.. what happened to the late show? I miss David Letterman,0
z13zy3bxjpmvzlxgt04cfhwaqxnzjnfh3ro0k,OldCatLady MB,1 hour ago,1488466049490,"Who wrote the speech? Wasn't Don. If he did it would have been .... "" I ‚òùdid it üëåall üñë myself‚òù. It hasn't üñê been done üëåfor many ‚òù many years üñêüñë. Not üñë like I üëådid it üñë. It is üëå tremendous ‚òù! It was üëåbigly üñêüñë. Very ‚òù very tremendous üëå. Before üñë it was ‚òùdisgusting. üñê Only I ‚òù could do ‚òù it. üëå üñë I ‚òùam like a üëå smart üñë person. Believe ‚òùme when üñê I ‚òù tell ya, üñê people ‚òù love me üñê""",1
z12wgp1pkvaqvxow004cdbzonvvoytqq5f0,OSCAR CHAVOYA-ACEVES,1 hour ago,1488466049491,In my opinion the line that upsetted people the most is that one where he said DOJ and HS will assembly a task force to deal with the criminal cartels.,0
z13adbvbjluugr1br04cd3lisqnfub5anlg0k,Michael Parker,1 hour ago,1488466049491,"All I guess is Steve Bannon got a dog trainer in to use positive reinforcement to train Trump to do a speech, and if you pan the camera over you'd see him holding a $100 bill saying ""Good boy, does Donnie wanna treat?""",1
z13pid0zumytwxm0r23icx24bqfgvbvbp04,R33KO,1 hour ago,1488466049492,"VOICE? if the of wasn't counted, because sometimes articles aren't counted in the acronym, then wouldn't it be VICE?",0
z13xdxxbty25dl55004cedzgkqvtgbm4zw00k,American Zombie,1 hour ago,1488466049493,2018 people! Time to send Trump and the republican party back to hell where they came from!,0
z13chnjp4zb0cpgca22sj3ebtobszfssg,James Oates,1 hour ago,1488466049493,"just because you host the late show , that doesn't make you John Stewart",1
z124dplostykz1faq04cjpvx2k3pgjzyyws0k,Yes-Go,1 hour ago,1488466049494,WE NEED MORE DONALD LECTER IN THE FUTURE XD,0
z123w3apetqlz5icw235dt2yctu0ctnnx,Kira Amaya,1 hour ago,1488466049494,"You're just gonna disparage Trump no matter what he says or does aren't you? Most (sensible) people are not going to enjoy the ""Trump bad"" segment for the next 8 years.",0
z134i31zwkvijpk1y23jhbhyfue3dfwwg04,Paulaschoicefan,1 hour ago,1488466049495,Stephen is brilliant!,0
z124elt5so3nsnymp23iwpqjfk2qy1l0v,Dajvedo,1 hour ago,1488466049495,Didn't you liberals cry about Trump not acting presidential?,0
z13hhlw5fxmpwxlqm04chfu5jvazwnyoglg0k,Jonathan Taylor,1 hour ago,1488466049496,"What part of ""revolution"" is too difficult to understand?",0
z13ezhh5eyvaidmuc23phfjovl3jx5cjl04,XiƒÅnshƒìng Lee,1 hour ago,1488466049497,The US is the laughingstock of the world ! This is pathetic. The US will never be taken seriously even decades after Trump.,1
z13xtrhgborksh0hb04cglujyzrjux54qis,Deatheater9,1 hour ago,1488466049497,"Every single day with Trump. Bush was made fun of a lot, but I swear Jon Stewart wouldn't talk about him every single episode. This isn't even a political show. It's a talk show. I didn't vote for Trump, but do we really need to talk about every little thing? The guy could casually walk down the sidewalk and every show would still talk about him for a segment. ""He did something stupid! Haha!"" ""He did something good! Haha!"" Is there really NOTHING else at all to talk about? I'm tired of criticism being more for views than actual criticism.",0
z13hzzgzimyysdfcu233dxp44neoifdeu,NinjaTrickVideos,1 hour ago,1488466049498,Colbert is legitimately mad Trump acted presidential- it forces a change in mood of jokes that Colbert just can't pull off like John Stewart.,0
z13jt1qbno2fwv3ub23hyfbhbof3urn0w,Ricardo Carranza,1 hour ago,1488466049498,just because you call yourself a comedian doesn't mean you're a comedian,0
z13mivyaurvgwrdf522cs3zorxrcubc4q04,Robert Mendez,1 hour ago,1488466049499,Got Colbert a box of tissues....he might need it.,0
z13efvb5cnuainw3n23kylx4qt2nhl1oj04,Spore6001,1 hour ago,1488466049500,I thought starting off with a word and then creating the acronym around it was something you only saw people do in films...,0
z13eefzpftu3uxn5o04ccvagexfcw1yanbk,holyteejful,1 hour ago,1488466049501,"Ah yes show and spread your ignorance of ""Republican is this Democrat is that"" bullshit.",0
z13wt1db3zijcfltm22psdrrzkygsxski,logwind,1 hour ago,1488466049502,Oh fuck off.,0
z13wsdygrxnicjzpb04cjp3izu24ep4ohqk0k,Eric Sullivan,1 hour ago,1488466049503,Are we really going to have to listen to the same shitty jokes for the next 8 years? Shut up Colbert.,0
z12fibc5zrntyjy3c23tvvnxtkixihu4r04,Richard Servello,1 hour ago,1488466049503,Ironic that the Red President is resurrecting McCarthyism.,0
z132jjwzsmqbsdmpe04civpivsyqfzsylpc0k,Adrian Fonseca,1 hour ago,1488466049504,No it only got good reviews from his buddy's . But it was all a waste of time he didn't say anything important at all,0
z13zjnkhwxuhff51f22me33q5tqduzt3e,Morgan Burke,1 hour ago,1488466049504,If only Colbert could do an impression of Trump as good as Adam Baldwin does ...,0
z12kjx4xqpibclffg22sg5xa4m2edzlyx04,Shadow Marley,1 hour ago,1488466049505,Soooo Cheessy and boring,0
z12fs1gptyqlz5kmt22awfppklfnz1k0y,Martin Kortner,1 hour ago,1488466051579,How the bar has fallen,0
z13uv3pr2lmiwry1w23jyjjggorzefdbk04,Jordan,1 hour ago,1488466051589,Stephen is just starting to sound whiny at this point,0
z13sxtnoenvtv301022etn4xxpukfnw1j,Terncote,1 hour ago,1488466051595,Honest Disabe.,0
z12msbmbkwuac5aps04cinybvnzgcpnwuw00k,Jonathan,1 hour ago,1488466051596,"This reminds me of that Chris Rock joke; ""People want praise for things they're SUPPOSED to do, when a mother says 'I TAKE CARE OF MY KIDS!'... That's what you're SUPPOSED to be doing!!! People saying ""He actually sounded like a President with that speech'... That's what he's SUPPOSED to be doing... don't give him credit for shit he's supposed to be doing, this is merely a rare occasion when he hasn't fucked up massively for once",1
z121ddmxryiss53ql04chbpwzrrah5azs04,james64ibm,1 hour ago,1488466051609,"The change in facial expression of both Pence and Ryan when he spells out ""Immigration"" really tells the whole story: ""Oh Donald, you almost made it through your speech, and now you fucked up again you tool!""",0
z13wh5po3lrwcjbnu222v5rigr31f5nof04,xxxdeathxxxx1,1 hour ago,1488466051614,You democunts need to grow a pair. Can't wait for some liberal being triggered.,0
z13exvgozzyed5pt022yct5bvpjextgfo,Khanh Nguyen,1 hour ago,1488466051621,why would you break up these clips like this?? why not keep it all in one clip??,0
z12pvf1zxlv3hlvnr22gzho5slqwxhzkk,Tia Black,1 hour ago,1488466051626,Don't be fooled!,0
z13wix24ewvbjvovt235izob2ojohjdkk,joelioes,1 hour ago,1488466051632,not his best monologue but I'll take it...his monologue a week ago was amazzziiingg..this is not,1
z13gglv4ol2mw5wyz04cc3madzrewdizdcg,Wyllomy Greene,1 hour ago,1488466051640,"Nice haircut, but the suit looks weird on my phone..",0
z12lip2xtnqxvvicb22pc5gzsv30xhupr04,Tinandel,1 hour ago,1488466051647,"Jesus Christ, I thought I'd said this enough, but the left keeps being misleading as hell so I guess I have to keep repeating myself... The studies which show immigrants have a much, much lower propensity to commit crimes is 100% true.... for the population of LEGAL immigrants, which is who the studies focused on. The studies said absolutely nothing at all about illegal immigrants or refugees, who arrive under very different circumstances.",0
z125frcoiz3pf10zj04cir4wllnds3eoekc0k,MegaDutcher,1 hour ago,1488466054785,Not insulting everybody does not make you presidential...just means your acting normal for once.,0
z12tifhqwvr2sbzg304cjftasq2qfttihu40k,JackelZXA,1 hour ago,1488466054790,"I think Colbert's old character ""Unflinchingly Patriotic Idiot"" was much funnier than his current character ""Insufferable Liberal Idiot"" ...",0
z120ghgjlkb3utjv223ihffq5ve5j5beg,bbrock RailFan,1 hour ago,1488466054791,I am reading all the as usual liberal pissing and moaning comments with your faithful leader bitter ass Colbert.,0
z13khhaxftbpiai0kxmtcpuiaoumhays,Daniel Bebop,1 hour ago,1488466054794,"Literally the same arguements german right and conservative parties used in the refugee crisis. It's just riding on the wave of popular hate. Saying things like this, doing politics like this.. should be punished as a hatecrime with long prison sentences!",0
z132ujtberjrhfg4t04cgzqz1vzttldq3fc,Hulkonala,1 hour ago,1488466054797,Republicans want unity now? where was this unity during Obamas administration. NO UNITY... ONLY RESISTANCE...,0
z13ojl3jroedc3hdz23aehrgrwbzu1uen,AntoineP76,1 hour ago,1488466054803,I need help here. I'm french and i don't know what's the E word he's talking about :/,0
z130ujt4ioqafjmiu04ccpuimtfmejtqar40k,mandi mclearie,1 hour ago,1488466054806,that was brilliant with Hannibal...................,1
z13qjvl5nzegilct522hihdyfluiejcax04,Smug Anime Face,1 hour ago,1488466054811,"Mmm mm, all these liberal tears taste delicious. Heil Trump!",0
z13yu5rhvzmdc3eve23tuxeippn5ffzrp04,Ophiidiian,1 hour ago,1488466054813,"I mean, hell. I act Presidential in my CEO Organization, but I'm not an actual president of anything. Good job, Drumpfle.",0
z12vi13qksboztxtd23nipbzcymrezwin04,I. Nardone,1 hour ago,1488466054816,That Voicenchilada is just going to make a lot of fake incidents like the idiots that shoot themselves and then pretend some vicious immigrants attacked them.,0
z13nvjpqyxmuy3wbc04cjpz4jxeqin4rf4w,ShellLoves Jesus,1 hour ago,1488466054820,"Just que the Rolling Stones song ""Sympathy for the Devil"" because that is all Alex Jones is doing for Trump the devil incarnate....",0
z13duhc5wvf2ev4rt04cjfci3lf3ipobvxs0k,Jakub U≈°el√≠k,1 hour ago,1488466054821,Oh my god :D I lost it on the Lecter part :D,1
z12ov5bqqxvshjdg404chlwg5uf4sj2belk0k,Alex Vasquez,1 hour ago,1488466054824,Praise Trump! Screw all you people bad mouthing Trump. Give him a chance. Any little thing that Trump does and says is shit on by all of you sore losers.,0
z122fn4zru2ysvqpu04ce3ahenrwwny4pso0k,Jeffrey Pride,1 hour ago,1488466054826,"He just blamed generals for the Yemen raid, this is why you can't give him credit for just talking nice, the next day he will wake up and do something ignorant",1
z12csrmikobtcfljf04cfv0xuse3cndbciw,scotcheggable,1 hour ago,1488466054829,criminal immigrants means people who illegally immigrated you disingenuous hack,0
z12ktznovkn1ztxew23xgzzh3zexzdrs1,Dani Flunky Cook,1 hour ago,1488466054830,"No matter how much you guys are crying, he IS your president. you are past due to acceptance at this point. And it's the other way around, he can act un-presidential but still be your president. Again, embrace the fact and end your suffering.",0
z12lh1ixsoqztl3pu04cf1t4ovust5wznwg0k,Par Ailurus,1 hour ago,1488466054833,"Stephen, I used to be on your side but your Trump hate has gone too far in this video. Comparing the man to an absurd, psychopathic menace-to-society is unacceptable and I, for one, will not stand idle while you defile the name of Dr. Lecter.",2
z13qyhogmyz0zpsvn22pvvaiknqzijzoi04,Kudotsu,1 hour ago,1488466054837,"As acronyms go, such words as ""of"", ""for"" and ""the"", for example, aren't included in the acronym. As such, ""Victims of Immigration Crime Engagement"" is really just ""VICE"".",2
z12dvb4rolrltns3v22gdd4yxveggbeyu04,Seetiyan,1 hour ago,1488466054842,"People are so damn quick to say ""shift."" Slow your proverbial roll; it's only one speech. It's not a shift until he makes a pattern of it. So far his pattern is reckless endangerment to minorities and women, and the threat of the cancellation of education itself.",0
z13wwl3obzjaex3j404cfnubuo2sjhppzus0k,Leelz247,1 hour ago,1488466054847,This can't be happening.,0
z125h3krwkvdc1uhk04centprwmyy3iqygk,Savoeun Thet,1 hour ago,1488466054849,Damn right. Now only the mainstream media get their heads out of their hole and start talking about actual policies substances ... oh who am I kidding I have a better chance of winning the powerball than those clowns doing their jobs.,0
z13lejqb3nqzjv0d222nt54hfy32cvtpq04,Joe Brashear,1 hour ago,1488466054850,Fuck off Colbert Jesus Christ,2
z12egnlizmiptxrkp22meh3oxof5wzely,Eduardo Daniel Kucharsky Terrazas,1 hour ago,1488466054854,"Half monologues will give you more likes, on paper, but in real life it just bothering a lot of people for no good reason.",1
z12kfzj55uv1wvkrg04cjj0yevfugbsh2lc0k,Jace N,1 hour ago,1488466054857,Stephen Colbert has turned into a total piece of shit. The regressive left is desperate and circling the drain. This is why so many are jumping ship.,2
z125wdiw0xmkch15p04cflg5buyhzzmqrvk0k,Ima Dork,1 hour ago (edited),1488466054858,"By god, this chilli actually has beans in it instead of rat poison and diarrhea I usually get when I ask for chilli.",0
z13efboqewvbthcss234dthqxk2kwdp5c04,valar,1 hour ago,1488466054861,Victims of Immigration Crime Erotica.,0
z124h3ebvmqozpnea22wup2hcrridf5by04,Ever Grim,1 hour ago,1488466054863,trump sounded like he was on horse tranquilizers,0
z12et35acwnswjbjq04ccn1bekbpdfray14,Jose Perez,1 hour ago,1488466054866,if anyone has seen the comments on the speech on NBC? holy shit infested with trumpeteers. I get it was a good speech but your president is still dumb as fuck with an IQ of banana,0
z13uunm5pruahbgxu04chhnjymrawfcim0o,baddass lufty,2 hours ago,1488466054868,this is him running out of material...,0
z13yyvnglwixjrrls22fv3qxxlvmfdup504,Emmett Fitz,2 hours ago,1488466054870,"daum, don't hurt yourself with all of these sick burns Stephen! keep it up.",1
z12we51buubhuxirn04cj125dny0xpcxpmo0k,glockenrein,2 hours ago,1488466054873,It is slightly chilling how genuinely furious Stephen is underneath the comedy.,0
z13gyhwy3obzf3b2323ogrgousfwvjdmp,Allan Koivu,2 hours ago,1488466054877,Republicans are evil and have to go...,0
z13qtl35zk25j1lzg04chn2bzqyuxdjbpa0,Bruce Wayne,2 hours ago,1488466054878,"Stephen shut the for fuck sake, fuck up you butt hurt libtard ass nuget.",0
z13gdluajua0tfifw22ofdbgjuqeyj11r,Kourgan,2 hours ago,1488466054882,"As much as I like you, Stephen, let's not get wishy-washy here: Crimes committed by LEGAL immigrants VS crimes committed by ILLEGAL immigrants. That is an important distinction to make.",0
z13gxr0wyu3lhboys04ccrpxxob2ytlqjqc0k,geoffrey lewis,2 hours ago,1488466054883,"loved the Hannibal bit, lol",1
z12zxzcxtlntyfb0y22kij2zfyqcxz2pl04,juan lopez,2 hours ago,1488466054885,"This is kind of when a girl has an awful partner and he beat her up everyday but one day...he gives her flowers, suddenly the girl thinks he is going to change for the best. We all know is not going to happen.",2
z121dpfo5widwpjr104cixx5zsfwipozvb0,Josh Schell,2 hours ago,1488466054889,Just because you act like a comedian doesn't make you funny...,2
z12dz31phmzrwthyl04cfvtybmyvira0e,tuisk muhieddine,2 hours ago,1488466054894,You are the man!!!!!!,1
z13qh3tbssqiitusq22juvgoovidir4li,dandanthetaximan,2 hours ago,1488466054896,Hannibal Lecter 2020,0
z12wt10armvhcvuhx04cjpzynxipj5o53bk,Anouk129,2 hours ago,1488466054897,Nice piece of performance trump. But I guess this was a one time achievement. Very soon you'll be your old self again. No doubt about it : this will have taken him hours and hours of preparation :-),2
z12zjvlr5zroexh3j22dgzdrqvnyvvfxk04,Stephen Milner,2 hours ago,1488466054902,You can't polish a (Trump) turd!,0
z12adhjp4kerd5que23iy1zxsqqxvnxmk,Karim korn,2 hours ago (edited),1488466054905,"""victims of immigrants crime"" this is the most racist thing I ever heard like americans are angles have no criminals while they have the biggest prisons in the world why don't you lock your criminal american immigrants who killed civilians all over the world and then went back to home land if you know what I mean",1
z13wffehdo3uf54qp04ccdrpul3zcxu4ywo0k,Aral Ynot,2 hours ago,1488466054905,"title of this video sounds, ""WOW, Saltyyyyyyyy."" that was my cousin who is in second grade Stephen. Please stop wearing your heart on your sleeve; you done goofed man.",0
z13ycvlznw3lsfqpt04cdbnzwozoybfpimk0k,Aaron Aldrich,2 hours ago,1488466054910,"Lol...So this is where all the crybabies and commies come when they're not rioting and assaulting innocent people! LMAO!!! As long as you libfukks are crying and whining into your starbukks, We The People will support this President...",3
z12geb44vmmecnhem22ex3notpyltx4x304,ikmyeong ikmyeong,2 hours ago,1488466054911,"Saying ""draining the swamp"" was not really presidential and ""bad ones""...? Does not sound presidential. When will he stop saying ""bad""blah blah. I guess for Drumph the bar is so low. Atleast he did not sound like a ranting 10 year old this time, good job. (Eye roll)",1
z12zjdhzeurbypilb221c5krduqnyjqla,Joshua Smith,2 hours ago,1488466054914,"Oh now ""acting"" presidential, isn't being a president? They must pay this guy a lot of money to make dumb fucking pathetic comments night in and night out.",0
z13ty50qcvujjjpze04cdnmhcz2oenaqltg0k,Lina Imazan,2 hours ago,1488466054916,omg the expectation from this orange clown is so low... well now he sounds like connedherway just less creepy,1
z13bvf3hnwaxwdwve22mclubptbtivbd0,Terry Whelan,2 hours ago,1488466054918,"Ironic how no one mentions the blatant outright lies that were generously distributed throughout his speech. Many of his points are grounded in reality but he never offered a viable solution, I guess it's ""more complicated then anyone knew""?",1
z13zwpv5qwfkyp2fl22rzzo4dqetctnwg04,Eric Jones,2 hours ago,1488466054921,"Donald Trump has done more good for this country than Obama did in 8 years. Look at the down jones closing at 21,000. Fantastic",0
z12bvljoskv4fnauo23iyn15do2zwtkqm04,j fi,2 hours ago,1488466054922,"The late show isn't the Colbert report, it was never intended to be. I understand that he is used to doing political comedy, but maybe it's time to get away from that arena. I am beginning to doubt his ability to manage an opening dialog without mentioning trump.",3
z13jwluilk3rh3ri004ccnahcyrufpwr0dw,boku yow,2 hours ago,1488466058313,Lol when you turn to comedians for advice on a president. Nothing but high school drop outs supporting the anti Trump videos.,3
z13usdsj2lzni3nwu04cdndylobmulfqgmg0k,Seb X,2 hours ago,1488466058317,They said he was presidential in April 2016. That didn't last long,0
z135wnhxyrvfs1lif04cdrvomviuhf0asfc,Mr Tomato,2 hours ago (edited),1488466058322,get some new material please it's all trump every fucking video surely there's more news,0
z121tvrgok2uvzbvr22ezn14jsyqwtdo304,indubiopronegro,2 hours ago,1488466058327,"colbert, u suck!",0
z13gzloysqbpx5zlg23rcb2psyizzz2ns,Gabriel Varney,2 hours ago,1488466058329,"Yeah, no. The crime rate in illegal immigrants, technically, is 100%. They are in the country illegally, therefore they are breaking federal law. How can people not wrap their head around this?",3
z135hrbayvv3gnwsw223htt5eznwcfmrz04,CyberChrist,2 hours ago,1488466058334,"When you do your job, you don't deserve praise, you deserve nothing more than your pay.",1
z13ffdpiwlubtrt5b04cipqhlpyaxno4uec,He Richard,2 hours ago (edited),1488466058339,"This is like a white guy constantly score 50 in exam and suddenly gets 75 and all the teacher think he is fucking amazing, meanwhile the Asian dude get shit on with 98 score because he is 2 marks short from being perfect. Since when we set bar so low for leader of the free world where by just acting normal earns you praise",3
z13mufsw1tzgwx5jt04cehiowxuwslyqias,Eb theDoc,2 hours ago,1488466058340,"So Trump gave a speech to Congress that couched his 4-Pinocchio lies in more 'Presidential' terms than his previous Bannonesque rants. How does that justify kudos from the media? His AG Jeff Sessions has been caught in lies under oath about contacts with Russia, so it's no surprise the Justice Department's not going to follow up on Conway's live plug of Ivanka's business - conflict of interest, people? And VOICE: let's give our Uncontitutional Executive Orders on immigration enforcement a voice! (That's was the outtake from Steve Bannon/Millers discussion with Conway) When will America wise up?",0
z13fxheqoqqaj1bpu04ccxcjvtuptvqjbac,Sylar,2 hours ago,1488466058345,This show seems to solely be about Trump now lol,0
z13szxxhiqjitdz3422eellhlrqyghyqg04,United Dumbass Of America,2 hours ago,1488466058350,compare to bill gates Trump is peanut..,0
z12sihlzgljwhjxvm232fvogql34gtpvf,Rick Kotecha,2 hours ago,1488466058356,"I wonder how much Soros and the other NWO globalist shills pay there puppets like Colbert, Meyers, Noah ect. To speak about Trump 24/7. Late night shows used to have variety, now it's just Trump Trump Trump.",3
z132hv3osqj1fhpoy04cgj3wsvyksfsj1t40k,kadda1212,3 hours ago,1488466058361,"They should rather found VODE. Victims of Divine Engagement. There people can whine about all the bad things ever happened to them, because God made this planet. Of course we will offer an alternative for the atheists called VOEE, Victims of Evolution Engagement, or even better, VOBBE Victims of Big Bang Engagement. Sounds better. This will lend a voice to all the people on the planet that are ignored by the media.",0
z12vjb2a5wmgihrj304cit4w0z2jgvwpibg,Happy Kid,3 hours ago,1488466058366,"Why the hell is nationalism bad? Nationalism definition: patriotic feeling, principles, or efforts. | advocacy of political independence for a particular country. It seems like nationalism is the only reason why we're here today and not in the British Americas",0
z130yhmairyhddhua220jvfomu2zxdacu,Tobias Dahlmann,3 hours ago,1488466058367,Just look at the face of Mike Pence in the Background of the speach! He had surely written it...,0
z13lhjpottutet2co22gxbdwkyqqjjhyj04,Raquel Murillo,3 hours ago,1488466058377,Donald Trump is a wife beater and America is his wife..Come on baby..I can change. .give me another chance. ...,2
z12nzvipkk3li313a23fdryrakbuc1dqw04,viksra,3 hours ago,1488466058393,"Please cut Jon Batiste's mic off... he's doing too much talking again (as he did when the show first started), and Stephen doesn't even care what he is saying, BECAUSE HE'S NOT ADDING ANYTHING USEFUL! Stephen cares more about Chris Licht off to the other side (and looks his way and interacts with him way more) than he does with John -- what John is doing is the equivalent of audience members interrupting by making random noises and yelling out random words that Stephen doesn't even reply to. Go back in the tapes and see how many times Jon says something and Stephen just ignores it. It's annoying af!",1
z13ujbdjbljmyjk1w23vht2zup3uyn3jq04,Burgundy Black,3 hours ago,1488466058394,"Bad people are bad people regardless of religion, race etc. There are plenty of awful Americans he can start his search with a mirror.",1
z13nebmqhqqxwh5h404cgfjpcsqci1kisgw,TurdFerguson,3 hours ago,1488466058400,I don't think you would even have a show if Trump Wasn't president. You don't have any material. Why don't you attack the dem's coming dressed up in white like they did back in the 1920's with the hoods,2
z130xdqhyt3ginfo204ch5xjeqahfxx5fxw0k,Johnny Jimenez,3 hours ago,1488466058405,"Just one thing, same old Drumpf, different tone. I have seen this tone before, I will see it again but it's the same guy with the same face and same thoughts. Nothing has changed, just another lie on his belt. The lie this time: ""To make you believe that he can read and that he is 'presidential'""",3
z125ffirfqe5jzjx004cfrhwjpvugbvrq3g,creepin93,3 hours ago,1488466058409,i wish the media made a fuss over his continuous attacks on latinos the same way they get outraged because lgttbttbdgf community has to use a bathroom according to their sex.,0
z12pgtwa1ninyl2f522zvpu40sqaelwta,No Comment-Kd,3 hours ago,1488466058414,White Americans are the most horrible human on earth.,0
z13ctdfrszvlv53ap04ccz4qrlywhtubfxs0k,GwendolynnBY,3 hours ago,1488466058418,Hannibal would 100% eat him,0
z12fyrbxwqnculbaq04ccjgwlkacxfsjagg,Angel of Art a.k.a. Artwear Couturier,3 hours ago,1488466058426,Trump obviously didn't write that speech ... one of his fascist lapdogs wrote it in an attempt to make him look slightly less mentally retarded (cough ... didn't work) ... Trump is so dum if he tried to make Coq Au Vin he would get his cock stuck in the wine bottle üç∑,0
z13nyd05pozpt5pmm23gwtqokkmmjbk3o,David Davis,3 hours ago,1488466058438,Surely this will be the end of Trump!,0
z13yt5yj0srlsxke0230z5a4mvrcg3ig304,SpaceFox,3 hours ago,1488466058440,"""Just Because You Act Presidential, Doesn't Mean You Are"" Wow, I read this argument against Hillary Clinton a lot of times from Trump supporters during the debates. Are liberals seriously going there?",0
z13etvrxbvbezb25w04cixxxtxmjxbq4kdw,Tycho Azrephet,3 hours ago,1488466058442,"Anthony Hopkins should absolutely be hired to play Trump. As an actor who's portrayed infamous serial killers, he'd really bring a lot of likability to the role.",0
z13lcp04nrj1srhit04cczgxsqjph5npb4s,Simon,3 hours ago,1488466058461,You do not need to hack on him even when he does something great. Common man.,0
z135dvkikubhcl13p230yxowjzeosjnff,Redwhite&blue Buckslayer,3 hours ago,1488466058478,People must think obama wrote his own speeches. Everytime obama didn't have a screen to read he was a stuttering mess. O well doesnt matter trump for 8 years dems go ahead and continue to destroy your own party. Half of the dem side didnt even stand or clap for our fallen military. How can you get any more vile than that disrespecting a man who gave his life for this nation and they cant even be bothered to honor this man.,0
z130tjgpgrezg1m3i22mt1li0ly5hdyxx04,Anthony El,3 hours ago,1488466058480,Because you disagree with the content of the other doesn't make it not presidential,0
z12kthxzhv31vlct222hgfqgyxjrjncxk04,EnoVarma,3 hours ago,1488466058483,Victims Of Ignorant Cunts Elected,0
z12xxvpgbyayw1tbl04cdfzo4tzczbej50w,Lisa Fin,3 hours ago,1488466058487,"Americans should be banned from a number of countries including places like the Philippines and Thailand then, since there's plenty of Americans who go to those countries to rape children. Some of those children as young as 5! I just love how trump talks about terrorists coming from Muslim countries too, but never talks about the American terrorists who traffic our women and children, or the number of disgusting american pedophiles who hide sickening things on their computers. Americans are hurt by Americans everyday. Where's their ""VOICE""? Sick people come in ALL colors and nationalities. It's not illegal immigrants or Muslims who are hurting Americans, it's bad people. Bad people are to blame for crimes and most of those bad people are American born. How about getting rid of all bad people, and only allowing the good to stay. Only then would America be great.",1
z12ox3rbhnijcvd2i23ru155dtr0c5zce,kingwindie,3 hours ago,1488466058487,Instead of VOICE create an office that will crackdown on home grown American terrorist like the douchebag that killed 2 immigrants few days ago.,0
z13dvvpyfob0xp5tv23oy3yjfwfycp1jd04,Ganiscol,3 hours ago,1488466058507,"Its normalization of crazy donald once again. Surely, the handpicked headlines arent everything, but giving him credit for somewhat acting like everybody expects it from a president instead of immitating dick-fed-asshole really doesnt change the message at all! This new brainfart called VOICE does nothing less than promote fear, hate and an ""us vs. them"" environment. Whats wrong with the old fashioned way of calling the police and press charges? Aint that good enough anymore? Wheres my VOTTEL - Victims Of Trumps Tremendous Empire of Lies ?",0
z120vfcpnnuwcj5aq04chpjo5qmqcz4owos0k,Elaine KING,3 hours ago,1488466058523,His favored sliding glass doors have no hinges so his $-lied condition is likely permanent. Such doors are on tracks reinforcing the prognosis of continued path-ological lying..,0
z13wsn1jonydctj0q22qzjug4qubt5cmf,Victor ABP,3 hours ago,1488466058529,"I have to watch late night on YouTube since I'm not American, always loved the show but I can't subscribe to it anymore. Literally ALL Stephen talks about is Trump. Yes he is a moron and a terrible person, but it's the same shitty jokes every night, it's not even remotely funny anymore. I hate Trump but this show is making me wish he would do something actually good just to see what shitty joke Stephen's staff would come up with next",1
z12axr0qyyz2yvaw504cfx4gykqlfdkygs00k,Damith Senanayake,3 hours ago,1488466058531,It is the Japanese internment all over again...,0
z131gr3jpr35chkem22xjxbrvwiwc3nvo,socrappyicoulddie,3 hours ago,1488466058534,"Good lord America, you couldn't limbo under that low of a bar if you tried.",0
z121fberwszntz5dd23hyjpwrrzhwbzwd04,Lee Bunker,3 hours ago,1488466058539,Fuck all you crybabies who are for illegals.,1
z12aihogow20gvvrp04cg1zodoicfra4p5g,Lisa 079,3 hours ago,1488466058540,Make America great Clarice. Ha!!,1
z12ztdvpusmbzhnza04cefaz0pyfipo50ls0k,Kurt Beck,3 hours ago,1488466058544,After more than 500 years finally America's indigenous peoples do get a VOICE. Thanks Mr. President!!,0
z125ftdz5wnihpttx22ifbvxrnzhx332u,Sovereign Rebellion,3 hours ago,1488466058547,John Stewart still kicks your ass!,0
z13vwp1bdumjh32ts22rczmheo3xwlfnr,Dadge42,3 hours ago,1488466058550,"I wonder if Trump has ever done a good thing in his life. Criticize, criticize, criticize, mock, mock, mock, show how smarmy and superior you are. Hey Stephen, if you're so much better you should run! We all know you aren't just a clown reaching for the lowest hanging fruit.",0
z12es5jaovuhgnjsz23bcf1pcsuqjlynf,fernando wetherbee,3 hours ago,1488466058554,so what about all the domestic terrorism?,0
z125t34gawmbthcxu04cjvfp1s3tjzaglog0k,NepTech,3 hours ago,1488466058555,"i just finished watching The silence of the lamb, and saw this. What the hellllllllll. I need some liver with fava bean.",0
z12fwhlrytffuj0ti22dsnjy0oaqjrk31,biteeemeee101,3 hours ago,1488466058558,damn the bar is so low,0
z134gxwgtlaqjbaxu04cgrkavq3exdrrglk0k,anthony cheesman,3 hours ago,1488466058570,lol people are giving him credit for being what his job actually is,0
z13aixsp4xivgjfnb23hfboxwrzmd3r5i04,serpina stellaluna,3 hours ago,1488466058575,"Here is something I don't get and I am surprised they aren't mentioning it more. Most of us think this presidential speech (written by others, but that is usual so I will pass over that) was just a performance. His supporters think we are sour grapes and that this is the ""real"" Donald Trump. Ok, if that is true, where has the ""real"" one been all this time? How can someone change so much over night? Very intensive therapy? No one can change that much in such a short time. Even die hard worshippers have to admit that. So what are the options? a) he was faking it all before b) he is faking it all now or c) he is a schizophrenic madman. If someone can come up with another explanation please give your input! But please don't tell me, no he was the real Donald before and he is the real Donald now because that is not humanly possible. You can't shout out insults for years and not be able to quote from the Bible when asked and now suddenly be Mr. calm and collected poet laureate.",1
z13njz1b0wrze1a2y22wszyaxrjhtzwks,Loris lim,3 hours ago,1488466058580,just because u a celebritie doesnt mean u always right and know how to be president,0
z13ohffbfpintzjno235t1fomvmghnnpc04,Blair Schirmerx,3 hours ago,1488466058583,"Trump didn't even ACT presidential. He read what someone else wrote for him, for less than an hour, off a teleprompter. THAT was presidential? Bannon wrote him a speech. Color me wildly.... unimpressed.",2
z13ot1dy3rmlcj5a104cf5iojtbygd4jr10,on the outside looking in,3 hours ago,1488466058593,I think the thing that really pisses Drumphs supporters off the most is that all the really funny comedians are liberals and that leaves them with.. ummm....?,0
z13gx3nayuu4vtqqn04cgrxwtwz5t5apees,MrAsap2000as,3 hours ago,1488466060849,"I would say that I'm skeptical about Colbert's claim that natives have a higher crime rate than illegals but the crime rate among Blacks is pretty atrocious. Yes yes I know, facts hurt.",0
z12zjr3qzvvhdtfmc23ui10jbp3gsl4xb04,Karl Fernandez-Cao,3 hours ago,1488466060854,this is Stephen at his sharpest.,1
z12fchwovwmpxn41f22nurd5crf5z1khj04,Sate Anne,3 hours ago,1488466060858,I was wondering how Colbert and his team would spin this one. They didn't disappoint. üòâ,1
z13fdls45zflzzj3e23dsthwfrqfzvp31,Marz Edge,4 hours ago,1488466060860,"Trump is just a tool. He puts out bs like Muslim ban or this VOICE. But it has to b approved by the ones that control congress etc. we saw an example, the court dropped that Muslim ban like nothing trump couldn't do a damn thing. Again the president is a puppet. Someone to point the finger to while the real guilty hide behind the curtain.",0
z13uc5lgvuaujr02c22eexwa1kmcvpw1c,SIRA063,4 hours ago (edited),1488466060866,"First I merely disagree with Colbert on his analysis but now I know for sure this guy is a liberal dip-shit and the people in the comments would rather Jamile who lost his son because the government refused to deport a criminal and enforce the law, to be quiet about what he has to live with for the rest of his life. I hope you will be as forgiving of the government when Trump is in it, as you expect Jamile to be with Obama.",0
z13wxxc5xkmhgjmfu23jxruivxbqvnnts,kittendivine1,4 hours ago (edited),1488466060870,"This guy is so incredibly dangerous, that it's becoming uncomfortable to laugh at these serious issues. How far does it have to come? Can we still joke and laugh when this idiot starts WWIII, creates an Orwellian police state, robs people of their liberties and means to live. He is already causing so much suffering, hate and fear and he is just 1 month in offfice!",1
z12qu1s5dmu4vdgi304cgjn42qjsflpyxe0,Leon Nine,4 hours ago,1488466060874,ggmlmkllloomo mbyoy,0
z123jxwx5vjnixhvf222fdthav3ifhia404,Vellar Lim,4 hours ago,1488466060879,well... he didn't sound or act presidential to me,3
z12ywnyxeoabsxqa504cevawjyvddpjjjpo0k,Joe Smith,4 hours ago,1488466060881,So Trump is adding another government agency in an effort to reduce government.,9
z13uxrkryu3ky3xn522hjhfgukj5ibt5n04,Ryan Johnson,4 hours ago,1488466060884,Donald trump 2020!!!!,1
z12wfxzixs35djib304cjbzhkwezyfl5cs00k,Bjorn Ironside,4 hours ago,1488466060888,"Honestly, can this fucker not talk on his show about trump for one night? Also can he not constantly get on the trending page as soon as his video comes out? Your bias is showing Google!",2
z12xgryquqrrz1cc523sg1ewznvujnerk04,Solitary Mind,4 hours ago,1488466060890,"Has there ever been a more divisive political system than the American Two-party system ? (Technically not a Two-party system,but the others are so neglected, they barely matter ). Is there anyone in America, Who : - Supports Trump, but is willing to criticize, take criticism, and hold him accountable for his misdoings. - Doesn't support Trump, but respects the fact that he is a democratically elected president ( if you can call an electoral college, democratic, I personally don't, but it's the system you have) , is willing to criticize and hold him accountable, but who isn't closed minded, to conservative ideals, and who isn't obnoxiously complaining (still) about the outcome of the election. Anyone who protests against the outcome of an election, frankly doesn't appreciate democratic values. It seems as though, Americans are grouped at the extremes, either way into the right or way into the left. Where is your common sense, centre-right and centre-left ? If these protesters want to complain about something, the real issue isn't trump, He was elected legally, The root issue is the electoral college, Indirect voting isn't democratic.",0
z121zz4hzubjv5njr04chtmxumnnjphjvrw0k,Rex Mundi,4 hours ago,1488466060892,Fake President. Simple as that.,3
z125xn0xnvbjzd2dw23tetsx4r3jcv3xf04,Toro Baile,4 hours ago,1488466060893,"What people are overlooking is that his speech was very much the same as before. people and media are focusing on his tone, demeanor and appearance and forgetting the whole point to of the speech! it was as empty as before. it's like the same man in a different costume.",1
z12hhhnbypmqjb0et23iirv41wy0t5x5h04,Google Sandshrew 1,4 hours ago,1488466060899,For all the trump supporters coming in her shouting about bias. REALITY has an anti-trump bias get used to it.,5
z12mwrvybpfoyjbwm04ccvnppqv5wbnxk4s,Sopho Cles,4 hours ago,1488466060903,Too little too late ...,1
z13gyj0qdmyycdtt522zidrw4zmzfbpre04,Liberalguy,4 hours ago,1488466060908,"Trump is wolf in sheep's clothing (Teleprompter), as soon as you remove that clothing (Teleprompter) he will be same as before. and of course bannon is the other Wolf.",2
z13vxbxxnzrgzt4rh04cflyzeryrihvqa5g,Victoria Lesco,4 hours ago,1488466060915,"The massive tax cuts will go to his friends and their crooked corporations. The pentagon doesn't need all that money. Take that money and give some college kids educations so we can have a workforce prepared to compete in the global economy. Don't take away from the children, the poor, the elderly to fund more of the war machine.",3
z12vzngw1kusgdp0w23cjbaxpnqrdlvrv04,Salman Muhit,4 hours ago (edited),1488466060919,"next... Different Toilets for immigrants !! Male, Female, Immigrant !!",0
z13ctz4yzzr1ixeut230s5v4hurjjrr4j04,streglof,4 hours ago,1488466060922,low bar after low bar after low bar....,3
z125shxjqpigupxvl22igdya4qblsp0yi04,racoonsister,4 hours ago,1488466060944,"another problem is the prisons they hold illegals in, they are private prisons, they can hold anyone for any amount of time, and make them work for free, till they decide to send them home, this would also include any children they may arrest with the parents. 45 has a financial stake in private prisons, might want to check that out",0
z13lvluxcunixlj4s04cebroxyvtubhg3vk0k,SeeYaLove tshazibana,4 hours ago,1488466060950,"If we going to expose criminals, y not expose everybody, how bout victims of racism office, or victims of police brutality, or victims of white collar crime, I mean the list is endless, what did immigrants ever do to him except help make him rich",1
z12gzj3wtrquzboyo04ccxj5pm34y1bis4w,Marisol Hudson,4 hours ago,1488466060953,impeach trump https://impeachdonaldtrumpnow.org/take-action/,0
z12betgqdmu2wtqtk23mwhiivmymyff5304,DagobertX2,4 hours ago,1488466060954,"I am 100% sure this voice shit was bannon's idea. Fear propaganda, again.",1
z13ecvshnyrtvcsckkn2zpjaxwfqj00k,Alexander Reinfield,4 hours ago,1488466060956,C'mon~ Any progress is good~,1
z12ywv4hppqpshf1s23xvzlq2x3cvr5ua,YlliksenMummo,4 hours ago,1488466060965,is this colbert show or bash trump show?,0
z13mvfkhczanjxnnk22sxthbilqehbuly,willimacdo,4 hours ago,1488466060971,VOICE?? WTF?,0
z132wbdyxs2ehvaig04cjvhhturpett5iws0k,Rohit Mohite,4 hours ago (edited),1488466060976,"Liberals have no choice but to feel good in their bubble created by Hollywood and MSM, Mean time USA is moving forward with MAGA agenda . This way you will never Defeat President Donald J Trump .",1
z13msr1b5vicehdi304cc5djhxb5hjr4f34,Middle Age Sucks,4 hours ago,1488466060979,he shifted from unhinged narcissist...,0
z124d5ebxoyecf1pr04cjjljslfcidrrr3w,James,4 hours ago,1488466060982,"Stephen are you gonna talk about trump for the next four years. come on, aren't there are other people on earth to talk about?",0
z13oz3vryoiojlbgz04cdxlapsehifarkkc0k,dzhellek,4 hours ago,1488466060984,"Just one more in a long line of ""It was a good speech but he still sucks"" routines. We get it. You don't like Trump.",0
z12nfpl4zri5ctz3e23dyhwbqxvudz11p,Agent Bond,4 hours ago,1488466060987,Bigly speech,0
z12uyhsrwxikdhhuu22xdvipywi0jbzql04,shari777 smith,4 hours ago (edited),1488466060990,"Sociopaths such as trump, are extremely adept at doing whatever works for them. Up to and including acting normal. Key word: 'acting'",1
z12rjzir4yzavf1s522wcldwdwioslgmx,russell campbell,4 hours ago,1488466060993,"Good grief, America. I can sound a lot more presidential than Dumbo but I that doesn't mean I can run a country. Tone! Are you guys kidding? Talk about grasping at straws.",1
z131wr451oudxvxly22wct1boqfefpfhu04,Ashley,4 hours ago,1488466060995,"What happened to freezing the hiring of ""nonessential"" personnel?",1
z13mddjgjrb3sbabo04cch5howj1vlggzes,Albert Weijers,4 hours ago,1488466060998,"The Voice is actually a Dutch idea for a tv show (Endemol), I feel a law suit coming!",0
z12cwvjxfq3qwhwpe04cfr05qny0znnzquc0k,Rajath Jagadeesh,4 hours ago,1488466060999,"Damned if you do , Damned if you don't ...",0
z120jxbpnsjfcnoh504cet2hzpihvfwan1k,Boxy Brown,4 hours ago,1488466061010,For the love of god please stop splitting up the monologue.,4
z13rezdj0unyhrpd322yjdgzrlfxj3ltv,Joyce Wong,4 hours ago (edited),1488466061015,Trump and co have learned to massage the message and deliver it in a smoother tone. That does NOT mean he has changed. It just means he has learned to be more professional in what to say and how to deliver the message. It is more insidious because it helps to normalise him and what he's saying. Did NOONE in the press who are now fawning all over it hear him announce a new agency to publish lists of crimes by immigrants?,1
z13szfcyuqniwvapw04cdder3uzbdzaoenw0k,Arthur Dent,4 hours ago,1488466061016,"How to rule peoplpe: Keep them divided, afraid, sick and uneducated. USA in a nutshell.",18
z12deruivkzjsxypl04cjv4z1lz0xhxqmv40k,purepower333,4 hours ago,1488466061023,Colbert is destroying Fallon in the ratings.... it's because Trump made the late show great again.... keep up the great work Colbert,0
z12afzyxclefxt4et23jifvw3nydhxccw,caniican,4 hours ago,1488466061026,Deepak Chopra diagnosed Gump has a three-year-old emotional mental retard and when Deepak Chopra diagnosis you you have a problem Donald Gump pack your bags it's time to go back home,0
z13getxxkvvzw52iu04chxtjjkijt5rp13k,caniican,4 hours ago,1488466061027,president Gump is an actor and a liar we all know this so why do we even expect anything more out of this low life Man baby,0
z121dli5pmjuz1bk522jfbghjoy5xd3be04,True,5 hours ago (edited),1488466061033,"No, Stephen not ALL immigrants commit crimes. Therefore (according to liberal ""logic"") we should just let everyone in and ignore the consequences... -_-",2
z122d5cjbkb5gfjl422nezrptrijyhy0u,Real Native,5 hours ago,1488466061035,"I smell brainwashed trump supporters getting triggered , stupid Republicunts ! He used a grieving wife of a hero gtfo fat Orange Cheeto !",7
z12jdrty5zn3cxk1t23ofpu4dxmgdhg2b,Brent Young,5 hours ago,1488466061039,More Nazi propaganda methods from our Supreme Orange Leader. Lovely.,1
z13dgjmzuq3tepnqp04cfvaglljphzt55qc0k,drake man,5 hours ago,1488466061041,The bar is so low that the president actually acting presidential is headline news.,43
z12ki1kpdvi1hr3bp04cjn3zwoz5zf1gmvg0k,Johnny Cash,5 hours ago,1488466061044,Trump is one of the best presidents this country has had in a long time... Because he is making America Great Again,0
z122vtgrbrjbipduj22dszkoavu5tvx5o04,Pyotr Feitser,5 hours ago,1488466061048,Victims Of Immigrant Crime Engagement sounds downright Orwellian. And xenophobic. Incredibly xenophobic.,1
z12xxlfixyytiprdl220xt1ghri3flsth,Shan Tv,5 hours ago,1488466065247,we are gonna talk about trump for all four years ...and his supporters are gonna get buttfucked everyday..,1
z120dln4yz3fidqso23phjsp4zirztxnp,Infomaniac,5 hours ago,1488466065253,Just because Stephen acts like he is not a nerdy pedophile who molests his crew members kids that doesn't mean he isn't.,0
z13hid0p2ve4drwhy04cer4bdsvxynqhf4g,Si An,5 hours ago,1488466065258,1000th liker!! yayyy,1
z13kujqgrmffsrnhd04cgt5b2lfch12zbck,Luke Taylor,5 hours ago,1488466065261,"When he said ""unhinged narcissist"" I immediately thought ""what about a hinged narcissist?"" My point being: hire me as a writer, Stephen.",0
z12kwdyrwxfxdxekx224h5prytrajxkpx04,Guardiansaiyan,5 hours ago,1488466065262,#NoMorePoliticalParties ...please?,2
z135g5bhfzjtjinckzy2xp0zcmziejds1,Jay Torraso,5 hours ago,1488466065268,"We need to run Dems/Repubs on the same ticket in 2020. Its the ONLY WAY TO HEAL THE DIVIDE. Otherwise, we will need to split the country and let Trump run that half and Bernie, Warren, etc...run the other. THIS SILLY HYPOTHETICAL is the ONLY WAY to solve this problem.",0
z12zjtnwgxz4txuc223wdrlbixqfebx2i,GuitarGuru V,5 hours ago (edited),1488466065270,"Voice? How about they make a news organization that has a headline like this for once. ""White Christian male US citizen rapes little girl"" I bet republicans won't be sharing that one all over Facebook. To them religion is only relevant to a crime if it's a Muslim and nationality of a criminal more relevant if it's an immigrant. Things register differently in their brain.",0
z13wjpgp3vrmcb0m423uitqyml2btbhx404,Agent Smith,5 hours ago,1488466065275,BREAKING NEWS: Cuck-butthurt at record highs!,0
z12ewloaxnidfbdpc04cippz2onxuzzbqio,Infomaniac,5 hours ago,1488466065278,Just because Stephen's daughter looks like she gives blow jobs to random men that doesn't mean she is :),0
z13fffzikkm3uni4p04ccrqbalevirazph4,ChillVibe,5 hours ago,1488466065282,"So Trump was right when he said "" i know words, I have the best words""",5
z13qc1parrnufjtqy04cf3oauymgtjvay14,ssstto,5 hours ago,1488466065288,Colbie is so desperate and in the chain of big media. That's why he's not funny.,0
z13qxd4wgoa0gxgxg04cchzxbofitnnypss0k,Carrick Nisbet,5 hours ago,1488466065294,"Hannibal Lecter is a pansexual patron of the arts and erudite intellectual, he wouldn't touch the GOP except to turn them into pate and Trump's entire body would be offal. Also he is a Lithuanian immigrant.",1
z13mx3riykupsve3z23phjsp4zirztxnp,Infomaniac,5 hours ago,1488466065301,Just because Stephen's wife looks like a slut that doesn't mean she is. :),2
z12hdlmybqakgvfid04chjoxloz2ezzqsng0k,‡§ß‡§®‡§Ç‡§ú‡§Ø ‡§ó‡§ú‡§æ‡§®‡§® ‡§™‡§∞‡•Å‡§≥‡•á‡§ï‡§∞,5 hours ago,1488466065310,"Just because Stephen acts as if he voted Hillary Clinton to White House, Doesn't mean he did that.",0
z13qcdxaoymlu1ess23sfxkgxqnlsb5fe,William Bradford,5 hours ago,1488466065313,WHY is everyone NOW showing the study immigrants commit crime at a lower rate? That would've been VERY useful to shout at Trump during the debates... I know John Oliver pointed it out LONG before the election...,1
z12whrja0pr4fj0bg04cfncadtmft5n55u40k,ProjectFlashlight612,5 hours ago,1488466065313,"VOICE - Viciously Offensive Intolerance, Cynically Established",1
z13svdepnym2ibdjt04cinfqvqytszjwxls0k,Jonathan Chamberlain,5 hours ago,1488466065321,You suck! Just because you act funny doesn't mean you are!,0
z132ejw5tuyixdgyq04cfxxr1lblgzyykio,Azure_Paladin,5 hours ago,1488466065321,Stephen president trump can do no wrong. now please.......drink the water I left for you in your room. you must be thirsty by now. you will feel.......better. ‚äô_‚äô do it.,0
z125d1sillmgvzktm223wfqbxw2jf55jv04,dadon,5 hours ago,1488466065326,"and you admire colbert...the guys is a fucking moron, acts like a little girl.",0
z130ybrwvz3ucbjj204cd5vaem2fflwhfik,Jeff Libby,5 hours ago,1488466065330,a wolf in a presidential suit speaking to congress is still a wolf,0
z13bcne4ntvjtvjwa04ccjliszrkdxgopzg0k,dadon,5 hours ago,1488466065346,"comment section full of people who will never be anybody, probably never own your own house, run your own business, lucky to move out of mom's...yet you call Trump, someone who has done things..stupid..sad.",0
z13sznpplrylwf33n23zwtt4xpuogtimi,Jeremy Smith,5 hours ago (edited),1488466065351,I'm so sick of colbert. he's arguably as narcissistic as trump. if not more and btw. what's up w jon batiste. his laugh is so annoying. i don't even know if he has a clue what colbert is talking about.,3
z124c1l4yyifj3vx304cfxgiqqb4hlqhhho,Ash Madi,5 hours ago,1488466065357,Trump's speech was amazing. I'm so glad Obama's reign of meekness and incompetence is over.,0
z12zsrpagunttfqjx04cefrahkmsx1z4kpc0k,u20001063,5 hours ago,1488466065360,Vladimir Openly Interrupts Crucial Elections,12
z13dzhwbtwrhepvoe04cdl0q1rmairwgj5s,Caleb1915,5 hours ago,1488466065362,"oh shit, i mean i wasn't completely hating on his speech, it was just a bunch of fluff and really rehearsed; but isn't that every presidential speech to an insanely varying degree?",1
z13ri1vqaqarfdtza04chlehwubuv55bhuo0k,Emmett Brown,5 hours ago,1488466065370,"Wow, Eat it Up!",2
z13rtp4belv0fhida23ifdwgsseyvp032,CJFLCC,5 hours ago,1488466065373,Liberal tears watching liberal slanted media suprise!,0
z13zuv2jgrrtu1ntz23dfh3ajqflszjdw,Veteran Nintenerd,5 hours ago,1488466065377,"Did anybody else notice something up with Paul Ryan's microphone? Like seriously, I swore you could hear each and every individual slow clap every time there was applause.",0
z13uxfb42w3yf5hdp23cwnuhpk34zpqdc,Dhruv Bhatnagar (Azor_Ahai),5 hours ago,1488466065382,another bad acronym BOBODDY ! remember that,0
z133zhn5kmm5g5sxt04cinpwerebzlvwooo0k,Choo Choo MotherTrucker,5 hours ago,1488466065386,"Stephen, you are slowly becoming my favorite late night talk show host. Keep it up and make the Late Show great again.",0
z122wlewolu0dt4la22qwr5biom0vrkvr,Tim Guy,5 hours ago,1488466065390,whiner in chief... coal bear,0
z123vxsppki2v1zbm04chvnjwr3kehd4s5k,Tom Arditi,5 hours ago,1488466065391,"If one is described as ""surprisingly presidential"" and is a president, that person isn't really doing a good job...",3
z121ebmxpl2kyhsjr04cdj2zrofffjsakr40k,Jeremy Geller,5 hours ago,1488466065395,Steven you liar I know an American who picked his own fruit in fact I'm watching his show and he is saying some funny and intelligent things,0
z13otbszuyabwp3kl23kclr5gxq5xbxsc,alter Emiya,5 hours ago,1488466065401,Seriously Seriously Voice Seriously America ?,0
z12ovhagcln5gly0n23itjlzyxjojhtx004,Paradox Acres,5 hours ago,1488466065405,So basically the media gave Trump a participation trophy for not shitting his pants in public. What a special snowflake...,37
z12lchjgypvkc1c3i22tt5db5m3yfjqzl04,ajscannel,5 hours ago,1488466065407,"3,286th!",0
z12vtj4pdo3afjhtm23rz5u41uydg5qpl04,Namida,5 hours ago (edited),1488466065409,You mean native american can list white immigrant that doing genocide using VOICE? Thanks Trump!,30
z13kfxcbiwiccx4wg04cdnkgsv3gdbkrp14,ren hoek,5 hours ago,1488466065415,who did that hannibal lecter voice?! that was pitch perfect,1
z13tz5o5vyicjbidl22vy5vxcxiqs3okm,A Guy Who Knows A Guy,5 hours ago,1488466065415,2:06 Thats Colbert for you üòÇ,0
z13jgv2zjuvayzwzb04cejubenr0zjgavzk0k,Ayush Aryal,5 hours ago,1488466065421,"If you don't like Trump, lock yourself in the toilet and cry.",1
z12cd5qgfziqvr0on04cc3ro5wbjtbsgv0o,David Dau,5 hours ago,1488466065423,"The Republican went from Lincoln and Roosevelt to Regan to Bush and now Trump. If they could be any dumber, they would nominate a tree for the presidency.",64
z12pwfxadza3d3ja404cezq4xtmkevaa3qs0k,Marco Joseph Cheung (MJC),5 hours ago,1488466065430,"Shame the ""optimism"" lasted less than a day before Sessions the devout Christian commits perjury",28
z12czp14tzmawthjk04cftzgptiluj1isxg0k,Tess Cavacuiti,5 hours ago,1488466065433,"Thank God for you and your team, Stephen! Everyone else are drooling over a speech written by people other than Trump. He only delivered it. He's still a dangerous baboon. Other presenters have gone gaga. Soooo, easily fooled.",38
z13kvjozet2vvvfxc04cifdpluatcd35ycg,The Lexicon,5 hours ago,1488466065434,"Okay, Donnie, well done, you didn't pull your pants down and moon everyone on stage. Now let's see if you can actually have someone write concrete information for you to read next time. Two for two?",9
z135vtzg0yewwb50423phhxh4ny2tvwdn,‡§∏‡•Å‡§Ø‡•ã‡§ó ‡§™‡•å‡§°‡•á‡§≤,5 hours ago,1488466065439,"Yep, concentration camps.",1
z13pilcasyenudddc22peno52of4jbr4004,Robert Fertal,5 hours ago,1488466065442,get a fucking life loser!,0
z13mvxux4uy1dxt2k23ixvnarqnstpa1q,Milind Tripathi,5 hours ago,1488466065446,If I hear pivot one more time...,1
z122ejqbfonnv5l1x22ds5bzfxyfhxacz,Clash,5 hours ago,1488466065447,"Trump has great writers. The best writers. Tremendous writers! They were able to limit a bumbling, fumbling, inarticulate and ignorant unhinged, pathological liar and demagogue, to just being an ignorant pathological liar and demagogue. They did an incredible job!",172
z12qizlopozyzb1jp04ccps5bqrbtrnphcg,EL.MAS.BUSCADO,5 hours ago,1488466065455,NEVER DRUMPF,25
z121wl1hwkemdpfhc04cctc4jqyafbepqxw0k,Donald Trump,5 hours ago,1488466073649,"People need to give trump a chance. He's only been in office for a month and he's already done more than obama. The Obama administration was and will forever be known as corrupt. Anyone who thinks different is naive and shows true ignorance. Trump loves this country and wants to keep it safe from rapist, terrorist and drug dealers. I believe the wall and ban are a great idea. Most illegal Mexicans bring in drugs and are known rapist while the ban limits terrorist from coming into our country. You liberals defending them and wanting these people in our country are responsible for the horrrific crimes done by them towards the American people. Muslims, Mexicans are known to be very bad people, I know it's not PC but it's the truth. Trump has kept all his promises and the American people love it. Donald trump won the election - majority of America wanted this. If 3-5 million illegals didn't vote he'd win the popular vote as well.",0
z13exfzhqlvjfr1bp04ccffodlruubcrgic,Sayantan Talukder,5 hours ago,1488466073651,"One thing I can't understand why Americans harbor such an negative image towards immigrants. No one escapes from their own birthplace just to go and commit crimes in a foreign land. They are coming to get a better life, not a lawless one. Of course, there will be some bad elements, but they can be weeded out. The real reason of crime is socio-economic. And I think immigrants will exhibit a lesser amount of criminal activity than the native ones. And those who really want to hurt the country will always find some way, even if there's a complete lock down in the country. The best we can do is be vigilant and hunt them down before they hurt us.",70
z13etz0zjrv2tp3ph04ch34jhxjgxp2o5yo0k,yeezy,5 hours ago,1488466073653,Trump sucks,11
z12yjntzlt2px5mma22pyv3otungzrutu,Greg Gammago,5 hours ago,1488466073654,White Christians are racist pedophiles,26
z12kujaxnubnvrc4404cen3hxtf3wb5xvco,ÂÄ™‰º†ÂéÜÔºàAllenSpellwaverÔºâ,5 hours ago,1488466073657,1:49 Is that Peter who voiced all the Sassy Trump videos?,0
z13cjlxyszn1g5f0223welvwosmiiv5gd04,Rishabh Kumar,5 hours ago,1488466073658,When will the splitting of the monologue stop?,0
z13ds3xgsyiqhxysp230dfyq0wfhdl0on04,Jt De Loera,5 hours ago,1488466073659,show your fucking tax returns.. then. go fuck yourself.. lock the mother fucking piece of shit up..,153
z13uddjbrsykcvb21230ctkr2oz1whhav04,Top Dawg,5 hours ago,1488466073660,Under 1000 views. ( Õ°¬∞ Õú ñ Õ°¬∞),3
z12efpehnzeyc3lgl04cchf5hurht5jgvn40k,I feel It,5 hours ago,1488466073662,He's a snake in the grass,5
z13xtflrbyvwito0z22mgfzabk2adhowt04,Chris Xavier,5 hours ago,1488466073662,"Shut up Colbert, Trump could save the world and you would still criticize him",0
z131s1wojruvwdcp504cgzfaowrucne5wmk0k,dia due,5 hours ago,1488466073663,"Are we now praising the President for sounding Presidential? What a pathetic low bar. Stephen Colbert is right, tone doesn't mean jack shit when what you are saying is still bullshit",757
z121xf5oporzzh1x004cezcjoqjodzxapp00k,Mr. Zebra,6 hours ago,1488466073665,Love to see ole liberal hollywood trying to poke holes in a great speech get the fuck over it you lost months ago like fucking toddlers,0
z12lg1aw1xnuvlr1w23wyr2w3qzasjark04,New Message (Unread),6 hours ago,1488466073666,"Donnie spent all day getting pointers on public speaking from Barron, who's gotten three gold stars this month alone for oral book reports. So give him a break.. He did pretty well for not having 'read the book'.",17
z13phf0omv3ixlngx04cjjlick3hvdj5fg4,camelshit,6 hours ago,1488466073667,"The reviewers wouldn't feel the need to call him ""presidential"" if he actually WAS presidential..",119
z12cehfajnnngzd0h225c1n45vash3nxe04,DocUno1,6 hours ago,1488466073669,YES NATIONALISM,1
z120ebaxzqfhe5u2h22ju51zhtruwjhyv04,KingOfMadCows,6 hours ago,1488466073670,Trump didn't crap his pants and rant incoherently. A+ speech.,85
z13hsxpzwlnmjnmwc04ch3hrptuye5rw3lk0k,Shrey Sankalp,6 hours ago,1488466073671,I heard Hannibal and I thought Mads Mikkelsen. üòÇ,2
z133zjcbvkanvd1ji04cid0qgxzfs3rpzqo0k,S. I. V.,6 hours ago,1488466073672,"""Donald Trump is Presidential."" That's my the joke of the month.",396
z13oszphdw2stfajw04cetahezekc3yopns0k,Mason,6 hours ago,1488466073674,"I understand that Colbert's show has a clear bias against Trump, but is it at a point where literally no matter what this show will find a way to continue their anti-Trump agenda? No matter what he says or does, these guys will cram whatever happens into their worldview.",9
z12zft14wkafjteoi04cjb5ydprcdb5bap40k,Cami H,6 hours ago,1488466073675,"This VOICE office is one of the dumbest and most useless things a president could possibly implement. Of course not the dumbest thing Trump could implement, but still... it's pretty f*cking stupid.",541
z13tv5rhrtbzy15qd04ch3zjewn5c30zpq40k,Ibn Sina,6 hours ago,1488466073682,Amazed at how a somewhat less buffoonish speech makes people think he's become a good President,286
z122tvqzkp2oxrx1x22gw3aifs2bhht0b,Liyah U,6 hours ago,1488466073685,"Damn it, they split the monologue again!",59
z13xc3fqiprmwde2z23ts54ggzb4i1rwi04,nordbart CP,6 hours ago,1488466073686,video is 4:04 ... presidentiality not found,79
z12vhnhr1yn3fkh0kraajfpirsmtchnc1,FreneticKey,6 hours ago,1488466073687,Draining the swamp is a fat fat bigly joke. Jeff Sessions a deliciously good example.,165
z12fyjmjnmngcbb2a23td34w0zywuh0fp,The Shadow Man,6 hours ago,1488466073689,Trump rocks.,4
z12fidgalnqbzj30z22wgpqoqle5x3udy,James Vidya,6 hours ago,1488466073690,First,2
z12lhzt45onccz3yg04cfh4oanu3wba4ljg,Bangkok BubbaKitty,6 hours ago,1488466073690,Greetings from Cambodia!,10
z12ldf0jdomcfjtbx04cih5wuqvwcbsgomk0k,Terrible Username Amirite?,6 hours ago,1488466073691,AYY Stephen!,4
z13xvpbpkzujxpjb204cglqomxjkgj4w2rc0k,IPaduser75767,6 hours ago,1488466073693,Yesssss,4